,test_statistic,p,-log2(p)
rx_Lev,0.8321608379247251,0.3616484435250521,1.4673401523326959
rx_Lev+5FU,1.271765984645831,0.2594356436654932,1.946551390907599
