subgroup,n,HR,lo,hi
nodes ≤ 4,697,0.701251091591677,0.5236540377440434,0.9390801139948093
nodes > 4,232,0.6819936205019436,0.463264484417464,1.0039951562231506
