bin,n,predicted_tau,observed_tau
0,122,-0.03775729646668972,-0.1579866248363624
1,121,0.14582311638065806,-0.29738820513249653
2,121,0.25048037256468164,0.37492813840174355
3,121,0.38793606036865985,0.649781928395635
4,122,0.6192892602866737,0.8602177229658783
