covariate,importance
perfor,0.0
extent,0.013947467005545196
adhere,0.030880355189920453
surg,0.03269819817773722
obstruct,0.03815882201569304
sex,0.062929675087903
differ,0.06302172786136975
age,0.22070534621840174
nodes,0.5376584084434296
