quantity,point,lo,hi
NDE,-0.06156262707312526,-0.22766146145010424,0.10079313968061179
NIE,0.2922372571830732,0.12285657784694876,0.4809769860355483
TE,0.23067463010994793,-0.007621475966623969,0.46139149531154233
Proportion mediated,1.2668807880770516,,
Imai rho*, nan, , 
