estimand,estimate,lo,hi
Within-trial ATE  (HR Lev+5FU vs Obs),0.6887966030282809,0.5457296589725162,0.8693695725399317
"Transported ATE   (HR, SEER 1990 target)",0.7072240225172717,0.5219240073051011,0.9583115760626978
